{
    "EncodersCubeBotInitialPose": {
        "x": 0.2158, 
        "y": 0.3965, 
        "theta": 1.571
    },
    "Beacon1Position": {
        "x": 1.2470003636331,
        "y": 0.6630006765753
    },
    "Beacon2Position": {
        "x": 0.030000363633123,
        "y": 0.66300047140443
    }
}