{
    "EncodersCubeBotInitialPose": {
        "x": 0.2406, 
        "y": 0.4617, 
        "theta": 1.571
    },
    "Beacon1Position": {
        "theta": -1.5707963267949,
        "x": 1.2470003636331,
        "y": 0.6630006765753
    },
    "Beacon2Position": {
        "theta": 1.5707963267949,
        "x": 0.030000363633123,
        "y": 0.66300047140443
    }
}